"season","week","defense_team","def_total_plays","def_avg_yards_per_play","def_avg_epa_per_play","def_success_rate_allowed","def_sacks","def_stuff_rate","def_turnovers_forced","def_turnover_rate","def_explosive_rate_allowed","def_third_down_stops","def_third_down_rate","def_red_zone_tds_allowed","def_red_zone_stops","def_red_zone_td_rate","def_roll3_epa","def_roll3_success_rate","def_roll3_third_down","composite_epa_allowed","def_epa_rank","def_success_rank","def_turnover_rank","def_third_down_rank"
2025,10,"DEN",55,3.38181818181818,-0.347056477635583,0.345454545454545,6,0.381818181818182,1,0.0181818181818182,0.0545454545454545,11,0.733333333333333,1,2,0.333333333333333,-0.169101216927872,0.371118059242654,0.731075460487225,-0.347056477635583,1,1,2,1
2025,10,"LV",55,4.03636363636364,-0.252276867243143,0.4,2,0.363636363636364,2,0.0363636363636364,0.0363636363636364,10,0.666666666666667,1,5,0.166666666666667,0.0264108190662687,0.468949771689498,0.487103174603175,-0.252276867243143,2,2,1,2
